time,KE,T,PE,total E
0.005,761.402597283,0.991409631879,-2423.99607046,-1662.59347318
0.01,741.803397518,0.965889840518,-2404.36825894,-1662.56486142
0.015,709.841179143,0.924272368676,-2372.34594298,-1662.50476383
0.02,666.746816894,0.86815991783,-2329.14541269,-1662.3985958
0.025,614.535856303,0.800176896228,-2276.76594113,-1662.23008483
0.03,556.186301985,0.724200914043,-2218.18423948,-1661.9979375
0.035,495.670898047,0.645404815165,-2157.37487326,-1661.70397521
0.04,437.759914087,0.569999888133,-2099.14623928,-1661.38632519
0.045,387.503311422,0.504561603414,-2048.60228384,-1661.09897242
0.05,349.412312781,0.454963948934,-2010.31261294,-1660.90030016
0.055,326.563724368,0.425213182771,-1987.39983825,-1660.83611389
0.06,319.935874279,0.416583169634,-1980.85489908,-1660.9190248
0.065,328.266301932,0.42743008064,-1989.38518602,-1661.11888409
0.07,348.474159199,0.45374239479,-2009.85753397,-1661.38337477
0.075,376.445108453,0.490162901631,-2038.09765248,-1661.65254403
0.08,407.875748811,0.531088214598,-2069.76009244,-1661.88434363
0.085,438.963903404,0.571567582557,-2101.0178147,-1662.0539113
0.09,466.844314014,0.607870200539,-2128.99586625,-1662.15155224
0.095,489.749096277,0.637694135777,-2151.9295307,-1662.18043443
0.1,506.9732686,0.660121443489,-2169.12827104,-1662.15500244
0.105,518.714758325,0.675409841569,-2180.80559198,-1662.09083366
0.11,525.83289866,0.684678253463,-2187.83766344,-1662.00476478
0.115,529.581212473,0.689558870407,-2191.49482621,-1661.91361374
0.12,531.358858913,0.69187351421,-2193.187126,-1661.82826709
0.125,532.513035025,0.693376347689,-2194.27080381,-1661.75776879
0.13,534.204824367,0.695579198394,-2195.90968116,-1661.70485679
0.135,537.327703062,0.699645446696,-2198.99732253,-1661.66961947
0.14,542.468663036,0.706339404995,-2204.12598829,-1661.65732526
0.145,549.893379408,0.716007004437,-2211.55689358,-1661.66351418
0.15,559.556946243,0.728589773753,-2221.24241418,-1661.68546793
0.155,571.158412926,0.743695850164,-2232.87534911,-1661.71693619
0.16,584.245404804,0.760736204172,-2245.99355355,-1661.74814874
0.165,598.317336695,0.779059032155,-2260.09549326,-1661.77815656
0.17,612.904054391,0.798052154155,-2274.70558725,-1661.80153286
0.175,627.606813464,0.817196371698,-2289.42741299,-1661.82059953
0.18,642.11072946,0.836081678985,-2303.94430185,-1661.83357239
0.185,656.194229867,0.854419570139,-2318.03805595,-1661.84382608
0.19,669.710995169,0.872019524959,-2331.56135502,-1661.85035985
0.195,682.565964069,0.888757765715,-2344.42499412,-1661.85903005
0.2,694.677006298,0.904527351951,-2356.54742265,-1661.87041635
0.205,705.945214109,0.919199497537,-2367.8304284,-1661.88521429
0.21,716.253930025,0.93262230472,-2378.1531334,-1661.89920337
0.215,725.475748312,0.944629880615,-2387.38798046,-1661.91223215
0.22,733.527657154,0.95511413692,-2395.44388795,-1661.9162308
0.225,740.450978229,0.964128877903,-2402.36275131,-1661.91177308
0.23,746.445050724,0.971933659796,-2408.34286624,-1661.89781552
0.235,751.826825145,0.978941178575,-2413.70863505,-1661.8818099
0.24,756.921543835,0.985574926869,-2418.7958463,-1661.87430247
0.245,761.949453056,0.992121683667,-2423.82679213,-1661.87733907
0.25,767.005483643,0.998705056827,-2428.89050548,-1661.88502183
0.255,772.133982943,1.00538279029,-2434.0262591,-1661.89227616
0.26,777.413591291,1.01225728033,-2439.30431388,-1661.89072259
0.265,782.983434179,1.01950967992,-2444.87113045,-1661.88769627
0.27,788.994306012,1.02733633595,-2450.88544764,-1661.89114162
0.275,795.508849617,1.03581881461,-2457.41009541,-1661.90124579
0.28,802.440594481,1.04484452406,-2464.36168082,-1661.92108634
0.285,809.571751776,1.05412988512,-2471.51561318,-1661.9438614
0.29,816.611892259,1.06329673471,-2478.57752389,-1661.96563164
0.295,823.2365725,1.07192262044,-2485.22762984,-1661.99105734
0.3,829.053350831,1.07949655056,-2491.07913603,-1662.02578519
0.305,833.54548994,1.08534569003,-2495.61580867,-1662.07031873
0.31,836.099424434,1.08867112557,-2498.21031596,-1662.11089153
0.315,836.195637705,1.08879640326,-2498.32388176,-1662.12824406
0.32,833.67750974,1.08551759081,-2495.78763819,-1662.11012845
0.325,828.912702795,1.0793134151,-2490.97341346,-1662.06071067
0.33,822.737457691,1.07127273137,-2484.73552689,-1661.9980692
0.335,816.232198117,1.0628023413,-2478.16993328,-1661.93773516
0.34,810.486314573,1.0553207221,-2472.37527228,-1661.8889577
0.345,806.407251555,1.05000944213,-2468.26506933,-1661.85781777
0.35,804.585516965,1.04763739188,-2466.43581904,-1661.85030208
0.355,805.244332161,1.04849522417,-2467.10646409,-1661.86213193
0.36,808.281385572,1.0524497208,-2470.16686658,-1661.88548101
0.365,813.35704952,1.05905865823,-2475.27834745,-1661.92129793
0.37,819.918787795,1.06760258827,-2481.88631845,-1661.96753066
0.375,827.202686653,1.07708683158,-2489.22258662,-1662.01989997
0.38,834.331515002,1.08636916016,-2496.40244149,-1662.07092648
0.385,840.488386804,1.09438592032,-2502.59511024,-1662.10672343
0.39,845.069563097,1.10035099362,-2507.19471677,-1662.12515368
0.395,847.745167106,1.103834853,-2509.87444223,-1662.12927513
0.4,848.433520666,1.1047311467,-2510.55368378,-1662.12016311
0.405,847.271584515,1.103218209,-2509.37066671,-1662.09908219
0.41,844.619792758,1.09976535515,-2506.67862427,-1662.05883152
0.415,841.088181224,1.09516690264,-2503.09462909,-1662.00644787
0.42,837.494997969,1.09048827861,-2499.44761193,-1661.95261396
0.425,834.639281363,1.08676989761,-2496.56057812,-1661.92129676
0.43,832.9634525,1.08458782878,-2494.89408634,-1661.93063384
0.435,832.338861996,1.08377455989,-2494.31597853,-1661.97711654
0.44,832.128896215,1.08350116695,-2494.1628575,-1662.03396129
0.445,831.537264577,1.08273081325,-2493.6072771,-1662.07001252
0.45,830.066501939,1.08081575773,-2492.13269786,-1662.06619592
0.455,827.829580342,1.0779030994,-2489.84986042,-1662.02028008
0.46,825.530522742,1.07490953482,-2487.48661484,-1661.95609209
0.465,824.0960368,1.07304171458,-2486.00987358,-1661.91383678
0.47,824.174469237,1.07314384015,-2486.08984466,-1661.91537542
0.475,825.859192797,1.07533749062,-2487.80282786,-1661.94363506
0.48,828.824647619,1.07919875992,-2490.79935088,-1661.97470326
0.485,832.641672374,1.08416884424,-2494.63893538,-1661.99726301
0.49,836.905278184,1.0897204143,-2498.93193223,-1662.02665404
0.495,841.13380502,1.09522630862,-2503.20316916,-1662.06936414
0.5,844.702538153,1.09987309655,-2506.81690097,-1662.11436282
0.505,847.023164442,1.10289474537,-2509.15850819,-1662.13534374
0.51,847.863639582,1.10398911404,-2509.98476824,-1662.12112866
0.515,847.473367068,1.1034809467,-2509.56470432,-1662.09133725
0.52,846.33047736,1.10199280906,-2508.40372008,-1662.07324272
0.525,844.737955169,1.09991921246,-2506.81588121,-1662.07792604
0.53,842.692913995,1.09725639843,-2504.78563687,-1662.09272287
0.535,840.049440786,1.09381437602,-2502.15238803,-1662.10294724
0.54,836.672074434,1.08941676359,-2498.77971283,-1662.10763839
0.545,832.538532199,1.08403454713,-2494.63618931,-1662.09765712
0.55,827.865032585,1.07794926118,-2489.92832369,-1662.0632911
0.555,823.196823509,1.07187086394,-2485.20699376,-1662.01017025
0.56,819.319487352,1.06682224916,-2481.2791671,-1661.95967975
0.565,816.995040589,1.06379562577,-2478.92905353,-1661.93401294
0.57,816.657804336,1.06335651606,-2478.60022951,-1661.94242517
0.575,818.245836489,1.06542426626,-2480.22536521,-1661.97952872
0.58,821.228888088,1.06930844803,-2483.2717766,-1662.04288851
0.585,824.674527596,1.07379495781,-2486.80430735,-1662.12977975
0.59,827.367318818,1.07730119638,-2489.5781513,-1662.21083248
0.595,828.210378016,1.07839892971,-2490.45430902,-1662.243931
0.6,826.767528403,1.07652021927,-2488.98310351,-1662.21557511
0.605,823.401496759,1.07213736557,-2485.56563183,-1662.16413507
0.61,818.822105806,1.06617461694,-2480.9526926,-1662.13058679
0.615,813.566944145,1.05933195852,-2475.67831044,-1662.11136629
0.62,807.973495659,1.05204882247,-2470.0607545,-1662.08725884
0.625,802.418275358,1.04481546271,-2464.4678396,-1662.04956424
0.63,797.37649432,1.03825064365,-2459.39813639,-1662.02164207
0.635,793.263158606,1.03289473777,-2455.27466343,-1662.01150482
0.64,790.279677604,1.02900999688,-2452.29282578,-1662.01314817
0.645,788.474008609,1.02665886538,-2450.4860304,-1662.01202179
0.65,787.906362071,1.02591974228,-2449.9090408,-1662.00267873
0.655,788.71151549,1.02696811913,-2450.70357908,-1661.99206359
0.66,790.999649101,1.02994745977,-2452.99117469,-1661.99152559
0.665,794.699929388,1.03476553306,-2456.70567563,-1662.00574624
0.67,799.516815848,1.04103752064,-2461.54515894,-1662.0283431
0.675,805.000253132,1.04817741293,-2467.05619097,-1662.05593784
0.68,810.618328524,1.05549261527,-2472.70971684,-1662.09138832
0.685,815.7502315,1.0621747806,-2477.88813805,-1662.13790655
0.69,819.668729539,1.06727699159,-2481.85411151,-1662.18538197
0.695,821.665293057,1.06987668367,-2483.88191322,-1662.21662016
0.7,821.336014211,1.06944793517,-2483.54672367,-1662.21070946
0.705,818.861193608,1.06622551251,-2481.02109387,-1662.15990026
0.71,815.026574299,1.06123251862,-2477.11943745,-1662.09286315
0.715,810.883936214,1.05583845861,-2472.92489432,-1662.0409581
0.72,807.315931912,1.05119261968,-2469.32903138,-1662.01309947
0.725,804.897590523,1.04804373766,-2466.89281885,-1661.99522832
0.73,803.972241577,1.04683885622,-2465.96555449,-1661.99331292
0.735,804.602827634,1.04765993182,-2466.6185501,-1662.01572247
0.74,806.478717091,1.05010249621,-2468.53205431,-1662.05333722
0.745,809.057999618,1.053460937,-2471.14168032,-1662.0836807
0.75,811.846335476,1.05709158265,-2473.94654815,-1662.10021267
0.755,814.564525276,1.06063089229,-2476.66585177,-1662.1013265
0.76,817.159010443,1.06400912818,-2479.25335578,-1662.09434534
0.765,819.738514209,1.06736785704,-2481.81956586,-1662.08105165
0.77,822.512969296,1.07098042877,-2484.58167741,-1662.06870811
0.775,825.684388981,1.07510988149,-2487.74861192,-1662.06422293
0.78,829.313564434,1.07983537036,-2491.38458246,-1662.07101803
0.785,833.24080095,1.08494895957,-2495.33156942,-1662.09076847
0.79,837.100855365,1.08997507209,-2499.2173348,-1662.11647943
0.795,840.405184633,1.09427758416,-2502.54828934,-1662.14310471
0.8,842.641601021,1.09718958466,-2504.80829417,-1662.16669315
0.805,843.379052899,1.09814980846,-2505.55539781,-1662.17634491
0.81,842.43616033,1.09692208376,-2504.59001414,-1662.15385381
0.815,840.104911668,1.09388660374,-2502.20040595,-1662.09549428
0.82,837.2407383,1.09015721133,-2499.25137747,-1662.01063918
0.825,835.031727305,1.08728089493,-2496.96903819,-1661.93731089
0.83,834.480534177,1.08656319554,-2496.39047619,-1661.90994202
0.835,835.949006387,1.08847526873,-2497.88017734,-1661.93117095
0.84,839.079677812,1.09255166382,-2501.0619957,-1661.98231789
0.845,843.055250089,1.09772819022,-2505.0965668,-1662.04131672
0.85,846.901868889,1.10273680845,-2509.00270641,-1662.10083752
0.855,849.691781949,1.10636950775,-2511.83735431,-1662.14557236
0.86,850.749924027,1.10774729691,-2512.91108179,-1662.16115776
0.865,849.88073435,1.10661553952,-2512.0139188,-1662.13318445
0.87,847.507917098,1.10352593372,-2509.58185532,-1662.07393822
0.875,844.500452444,1.09960996412,-2506.51923688,-1662.01878444
0.88,841.664183159,1.09591690516,-2503.66700572,-1662.00282256
0.885,839.270335407,1.09279991589,-2501.29972077,-1662.02938536
0.89,836.981778249,1.08982002376,-2499.05968697,-1662.07790873
0.895,834.138969689,1.08611845012,-2496.26466913,-1662.12569944
0.9,830.121292946,1.08088710019,-2492.27452495,-1662.15323201
0.905,824.605718551,1.0737053627,-2486.76002623,-1662.15430768
0.91,817.699550848,1.06471295683,-2479.82814348,-1662.12859263
0.915,809.94737578,1.05461897888,-2472.02775707,-1662.08038129
0.92,802.289850671,1.04464824306,-2464.29482618,-1662.00497551
0.925,795.993007757,1.03644922885,-2457.91354346,-1661.9205357
0.93,792.381905871,1.03174727327,-2454.24419952,-1661.86229365
0.935,792.32627783,1.03167484092,-2454.19071959,-1661.86444176
0.94,795.822154821,1.03622676409,-2457.74545896,-1661.92330413
0.945,802.065910696,1.04435665455,-2464.06381242,-1661.99790172
0.95,809.937744118,1.05460643765,-2471.99434947,-1662.05660535
0.955,818.508152332,1.06576582335,-2480.59384812,-1662.08569579
0.96,827.177655593,1.07705423905,-2489.28741688,-1662.10976129
0.965,835.366866856,1.08771727455,-2497.52497789,-1662.15811104
0.97,842.219511103,1.09663998842,-2504.43301261,-1662.21350151
0.975,846.821741493,1.1026324759,-2509.05832328,-1662.23658178
0.98,848.722082766,1.1051068786,-2510.93602118,-1662.21393842
0.985,848.112214538,1.10431277935,-2510.28502623,-1662.17281169
0.99,845.529520881,1.10094989698,-2507.66751337,-1662.13799249
0.995,841.514906173,1.09572253408,-2503.62851357,-1662.1136074
1.0,836.590091917,1.08931001552,-2498.6655612,-1662.07546928
1.005,831.483189613,1.08266040314,-2493.4913556,-1662.00816598
1.01,827.211533183,1.0770983505,-2489.15423621,-1661.94270302
1.015,824.698207857,1.07382579148,-2486.62617339,-1661.92796553
1.02,824.131246012,1.07308755991,-2486.11314376,-1661.98189774
1.025,824.755805931,1.07390078897,-2486.81949206,-1662.06368613
1.03,825.374014636,1.07470574822,-2487.49958366,-1662.12556902
1.035,825.007749613,1.07422884064,-2487.15818243,-1662.15043281
1.04,823.220714187,1.0719019716,-2485.36736557,-1662.14665139
1.045,820.079252223,1.06781152633,-2482.20272054,-1662.12346831
1.05,815.963348116,1.06245227619,-2478.0598142,-1662.09646609
1.055,811.367055639,1.05646752036,-2473.44070348,-1662.07364784
1.06,806.767004136,1.05047786997,-2468.82236343,-1662.05535929
1.065,802.624115849,1.04508348418,-2464.65497055,-1662.0308547
1.07,799.451511635,1.04095248911,-2461.45231344,-1662.00080181
1.075,797.796591609,1.03879764532,-2459.77248281,-1661.97589121
1.08,798.046926118,1.03912360172,-2460.02437103,-1661.97744491
1.085,800.167022721,1.04188414417,-2462.18126221,-1662.01423949
1.09,803.598689014,1.04635245965,-2465.67060563,-1662.07191661
1.095,807.480596683,1.05140702693,-2469.60553715,-1662.12494046
1.1,810.985265499,1.05597039779,-2473.14467197,-1662.15940647
1.105,813.493990884,1.0592369673,-2475.67593276,-1662.18194188
1.11,814.614132569,1.06069548512,-2476.80785136,-1662.19371879
1.115,814.173243077,1.06012141026,-2476.36313667,-1662.18989359
1.12,812.261737096,1.05763247018,-2474.43089931,-1662.16916222
1.125,809.216885033,1.05366781905,-2471.36657066,-1662.14968562
1.13,805.41675999,1.04871973957,-2467.56465392,-1662.14789393
1.135,800.982800389,1.04294635467,-2463.16132452,-1662.17852413
1.14,795.652409068,1.03600574097,-2457.87478164,-1662.22237257
1.145,788.98721385,1.02732710137,-2451.23372532,-1662.24651147
1.15,780.826564871,1.01670125634,-2443.05000241,-1662.22343754
1.155,771.675817622,1.00478622086,-2433.82645476,-1662.15063714
1.16,762.718433602,0.993122960419,-2424.76934379,-1662.05091019
1.165,755.465049574,0.983678449966,-2417.42878699,-1661.96373741
1.17,751.243646458,0.978181831325,-2413.16048856,-1661.9168421
1.175,750.748316536,0.97753687049,-2412.67349523,-1661.9251787
1.18,753.834004026,0.981554692742,-2415.81494983,-1661.98094581
1.185,759.656362662,0.989135888882,-2421.71069608,-1662.05433341
1.19,767.054048036,0.998768291713,-2429.17416511,-1662.12011707
1.195,774.946929683,1.00904548136,-2437.10971478,-1662.1627851
1.2,782.573027844,1.01897529667,-2444.75694086,-1662.18391302
1.205,789.51361103,1.02801251436,-2451.70184503,-1662.188234
1.21,795.625387662,1.03597055685,-2457.8041702,-1662.17878254
1.215,800.960701653,1.04291758028,-2463.12359021,-1662.16288856
1.22,805.688439207,1.04907348855,-2467.83803536,-1662.14959615
1.225,809.941009498,1.05461068945,-2472.08997202,-1662.14896252
1.23,813.634984213,1.05942055236,-2475.80280202,-1662.16781781
1.235,816.426619119,1.06305549364,-2478.62295329,-1662.19633417
1.24,817.870172062,1.06493511987,-2480.08576592,-1662.21559385
1.245,817.665899063,1.0646691394,-2479.88214574,-1662.21624667
1.25,815.77728638,1.06221000831,-2477.97759642,-1662.20031004
1.255,812.451819344,1.0578799731,-2474.61940856,-1662.16758922
1.26,808.205231582,1.05235056196,-2470.32880746,-1662.12357588
1.265,803.730177763,1.04652366896,-2465.81181385,-1662.08163609
1.27,799.679761329,1.04124968923,-2461.73961353,-1662.0598522
1.275,796.443185442,1.03703539771,-2458.50457419,-1662.06138875
1.28,794.088100826,1.03396888128,-2456.16364722,-1662.0755464
1.285,792.492326301,1.03189104987,-2454.57780676,-1662.08548046
1.29,791.587628255,1.03071305762,-2453.66038517,-1662.07275691
1.295,791.563923318,1.03068219182,-2453.60394666,-1662.04002335
1.3,792.830235881,1.0323310363,-2454.8461733,-1662.01593742
1.305,795.614524649,1.0359564123,-2457.64960596,-1662.03508131
1.31,799.527691627,1.04105168181,-2461.62167762,-1662.09398599
1.315,803.619216854,1.04637918861,-2465.77359112,-1662.15437427
1.32,806.910138467,1.0506642428,-2469.09127052,-1662.18113206
1.325,808.865052173,1.05320970335,-2471.03581953,-1662.17076736
1.33,809.524889977,1.05406886716,-2471.65676614,-1662.13187616
1.335,809.381788064,1.05388253654,-2471.46170713,-1662.07991907
1.34,809.116465858,1.05353706492,-2471.16056866,-1662.0441028
1.345,809.265226117,1.05373076317,-2471.30001909,-1662.03479298
1.35,809.978398768,1.0546593734,-2472.03047275,-1662.05207399
1.355,811.060233587,1.05606801248,-2473.13744862,-1662.07721504
1.36,812.213331382,1.0575694419,-2474.30353266,-1662.09020128
1.365,813.273196282,1.05894947433,-2475.36578672,-1662.09259044
1.37,814.235787491,1.0602028483,-2476.32310775,-1662.08732025
1.375,815.164205467,1.06141172587,-2477.24634636,-1662.08214089
1.38,816.145227318,1.06268909807,-2478.22003942,-1662.0748121
1.385,817.277879934,1.06416390616,-2479.34883832,-1662.07095839
1.39,818.624901649,1.06591784069,-2480.70046666,-1662.07556501
1.395,820.128049957,1.06787506505,-2482.21906835,-1662.09101839
1.4,821.592324819,1.06978167294,-2483.69890457,-1662.10657975
1.405,822.783169293,1.07133225168,-2484.89822212,-1662.11505283
1.41,823.5939123,1.07238790664,-2485.69648958,-1662.10257728
1.415,824.157526997,1.07312177994,-2486.23324378,-1662.07571678
1.42,824.813471872,1.07397587483,-2486.86043052,-1662.04695864
1.425,825.940368244,1.07544318782,-2487.96973798,-1662.02936973
1.43,827.736448017,1.07778183336,-2489.76950902,-1662.03306101
1.435,830.07223248,1.08082321937,-2492.13035964,-1662.05812716
1.44,832.521487355,1.08401235333,-2494.61464124,-1662.09315389
1.445,834.536250656,1.08663574304,-2496.6601997,-1662.12394905
1.45,835.634183701,1.08806534336,-2497.77649813,-1662.14231443
1.455,835.486198776,1.08787265466,-2497.63809166,-1662.15189289
1.46,833.946803737,1.08586823403,-2496.09596314,-1662.1491594
1.465,831.122475252,1.08219072298,-2493.24862857,-1662.12615332
1.47,827.477978173,1.07744528408,-2489.55331692,-1662.07533874
1.475,823.833242413,1.07269953439,-2485.84977461,-1662.0165322
1.48,821.095948566,1.0691353497,-2483.0768785,-1661.98092993
1.485,819.827947505,1.06748430665,-2481.81638537,-1661.98843787
1.49,819.984017448,1.06768752272,-2482.01030988,-1662.02629243
1.495,821.015940748,1.06903117285,-2483.08953462,-1662.07359387
1.5,822.203622431,1.07057763337,-2484.31149163,-1662.1078692
1.505,822.999968268,1.07161454202,-2485.11353098,-1662.11356271
1.51,823.244969537,1.07193355409,-2485.33675193,-1662.09178239
1.515,823.153706159,1.07181472156,-2485.21545611,-1662.06174995
1.52,823.09212603,1.0717345391,-2485.13206996,-1662.03994393
1.525,823.322429515,1.07203441343,-2485.35764427,-1662.03521475
1.53,823.893968659,1.07277860503,-2485.93992511,-1662.04595645
1.535,824.651631941,1.07376514576,-2486.71628966,-1662.06465772
1.54,825.274275237,1.07457587921,-2487.36883207,-1662.09455683
1.545,825.305929299,1.07461709544,-2487.43914985,-1662.13322055
1.55,824.211315488,1.07319181704,-2486.38310792,-1662.17179243
1.555,821.537964943,1.06971089185,-2483.7276667,-1662.18970175
1.56,817.130015376,1.06397137419,-2479.31050091,-1662.18048553
1.565,811.3127196,1.05639677031,-2473.44446383,-1662.13174423
1.57,804.97330651,1.04814232618,-2467.02943091,-1662.0561244
1.575,799.368391271,1.04084425947,-2461.35318534,-1661.98479407
1.58,795.669003374,1.03602734814,-2457.6147842,-1661.94578082
1.585,794.566161294,1.03459135585,-2456.50995338,-1661.94379209
1.59,796.131610536,1.03662970122,-2458.10695314,-1661.97534261
1.595,799.868378001,1.04149528386,-2461.8973697,-1662.0289917
1.6,804.877625455,1.04801774148,-2466.96682412,-1662.08919867
1.605,810.14254478,1.05487310518,-2472.27664992,-1662.13410514
1.61,814.876027361,1.06103649396,-2477.02387485,-1662.14784749
1.615,818.717024575,1.06603779242,-2480.85445548,-1662.13743091
1.62,821.689107134,1.06990769158,-2483.80299894,-1662.11389181
1.625,824.045419305,1.07297580639,-2486.13132866,-1662.08590935
1.63,826.111637712,1.07566619494,-2488.17698277,-1662.06534506
1.635,828.13609591,1.07830220822,-2490.19487306,-1662.05877715
1.64,830.149298028,1.08092356514,-2492.22457796,-1662.07527993
1.645,831.897538785,1.08319992029,-2494.00653327,-1662.10899449
1.65,832.877056798,1.08447533437,-2495.02698395,-1662.14992715
1.655,832.501372053,1.08398616153,-2494.68450162,-1662.18312957
1.66,830.354949922,1.08119134104,-2492.54273893,-1662.18778901
1.665,826.471790686,1.07613514412,-2488.62299265,-1662.15120196
1.67,821.459797391,1.06960911119,-2483.54915949,-1662.0893621
1.675,816.253870904,1.06283056107,-2478.29486838,-1662.04099748
1.68,811.640111115,1.05682306135,-2473.6652089,-1662.02509778
1.685,807.983812971,1.05206225647,-2470.01122828,-1662.02741531
1.69,805.348225305,1.0486305017,-2467.37896196,-1662.03073665
1.695,803.741921562,1.04653896037,-2465.77155907,-1662.02963751
1.7,803.207471513,1.04584306187,-2465.23810596,-1662.03063445
1.705,803.760032675,1.04656254255,-2465.79673966,-1662.03670699
1.71,805.315733227,1.04858819431,-2467.36010264,-1662.04436941
1.715,807.724996092,1.05172525533,-2469.77552062,-1662.05052453
1.72,810.874950482,1.05582675844,-2472.92130397,-1662.04635349
1.725,814.753499144,1.06087695201,-2476.78711119,-1662.03361204
1.73,819.448221682,1.06698987198,-2481.46656398,-1662.0183423
1.735,825.053532249,1.07428845345,-2487.06461728,-1662.01108503
1.74,831.518202877,1.08270599333,-2493.54017769,-1662.02197482
1.745,838.518066645,1.09182039928,-2500.56915721,-1662.05109057
1.75,845.461670562,1.10086155021,-2507.54966055,-1662.08798999
1.755,851.638490563,1.10890428459,-2513.75957301,-1662.12108245
1.76,856.415649826,1.11512454404,-2518.55580958,-1662.14015975
1.765,859.387244531,1.11899380798,-2521.53164238,-1662.14439785
1.77,860.429255022,1.12035059248,-2522.56044875,-1662.13119373
1.775,859.675054946,1.11936856113,-2521.78489767,-1662.10984272
1.78,857.414946251,1.11642571126,-2519.50580599,-1662.09085973
1.785,853.95876018,1.11192546898,-2516.03771249,-1662.07895231
1.79,849.578959537,1.10622260356,-2511.64611091,-1662.06715137
1.795,844.540312288,1.09966186496,-2506.59124902,-1662.05093673
1.8,839.15110321,1.09264466564,-2501.18420135,-1662.03309814
1.805,833.784318087,1.08565666418,-2495.7960273,-1662.01170922
1.81,828.873386329,1.07926222178,-2490.86324611,-1661.98985978
1.815,824.862603211,1.07403984793,-2486.83444958,-1661.97184637
1.82,822.106891438,1.07045168156,-2484.07599858,-1661.96910715
1.825,820.765234815,1.06870473283,-2482.74909056,-1661.98385575
1.83,820.696429463,1.06861514253,-2482.71223095,-1662.01580149
1.835,821.425481291,1.06956442876,-2483.48714605,-1662.06166476
1.84,822.260653507,1.07065189259,-2484.3625817,-1662.1019282
1.845,822.579652364,1.07106725568,-2484.69630687,-1662.1166545
1.85,822.11294104,1.07045955865,-2484.21340144,-1662.1004604
1.855,821.036729058,1.06905824096,-2483.09652207,-1662.05979301
1.86,819.881014073,1.06755340374,-2481.89363228,-1662.01261821
1.865,819.292031848,1.0667864998,-2481.27126114,-1661.97922929
1.87,819.713236606,1.0673349435,-2481.6905085,-1661.97727189
1.875,821.156166342,1.06921375826,-2483.16287385,-1662.00670751
1.88,823.199901198,1.07187487135,-2485.25059611,-1662.05069492
1.885,825.19312815,1.07447021894,-2487.28464691,-1662.09151876
1.89,826.555357322,1.07624395485,-2488.66649965,-1662.11114232
1.895,827.040708457,1.07687592247,-2489.13873355,-1662.09802509
1.9,826.883500204,1.07667122422,-2488.93585182,-1662.05235162
1.905,826.794356667,1.07655515191,-2488.78024651,-1661.98588984
1.91,827.764310635,1.07781811281,-2489.68747834,-1661.92316771
1.915,830.662660872,1.08159200634,-2492.56247831,-1661.89981743
1.92,835.741398014,1.08820494533,-2497.68068527,-1661.93928726
1.925,842.31690178,1.09676679919,-2504.35412269,-1662.03722091
1.93,848.861196595,1.1052880164,-2511.01676736,-1662.15557076
1.935,853.514331872,1.11134678629,-2515.76947144,-1662.25513957
1.94,854.730098024,1.11292981514,-2517.03373448,-1662.30363646
1.945,851.702959161,1.10898822807,-2514.00330265,-1662.30034349
1.95,844.464246828,1.09956282139,-2506.72127328,-1662.25702645
1.955,833.759354147,1.08562415905,-2495.94202154,-1662.18266739
1.96,820.883275375,1.06885843148,-2482.96533638,-1662.082061
1.965,807.540974583,1.05148564399,-2469.507466,-1661.96649142
1.97,795.659067471,1.03601441077,-2457.51596571,-1661.85689824
1.975,786.991179679,1.02472809854,-2448.78573261,-1661.79455293
1.98,782.547180746,1.0189416416,-2444.35436568,-1661.80718494
1.985,782.216123232,1.01851057712,-2444.09685849,-1661.88073526
1.99,784.946289128,1.02206548064,-2446.9222228,-1661.97593367
1.995,789.315096016,1.02775403127,-2451.36891484,-1662.05381883
2.0,794.043103966,1.03391029162,-2456.14599823,-1662.10289426
2.005,798.275101905,1.03942070561,-2460.39376864,-1662.11866674
2.01,801.633704567,1.04379388616,-2463.74855779,-1662.11485323
2.015,804.031878789,1.04691650884,-2466.14683677,-1662.11495798
2.02,805.366577069,1.04865439722,-2467.49561167,-1662.1290346
2.025,805.435117237,1.04874364224,-2467.56803654,-1662.1329193
2.03,804.187759805,1.04711947891,-2466.29645462,-1662.10869482
2.035,801.964325587,1.04422438227,-2464.02925456,-1662.06492897
2.04,799.416140215,1.04090643257,-2461.44024685,-1662.02410664
2.045,797.185457972,1.0380018984,-2459.19034003,-1662.00488206
2.05,795.654609884,1.03600860662,-2457.66394951,-1662.00933963
2.055,794.947268055,1.03508758861,-2456.96547822,-1662.01821017
2.06,795.148049076,1.03534902223,-2457.15079223,-1662.00274315
2.065,796.576664894,1.03720919908,-2458.54398012,-1661.96731522
2.07,799.785085296,1.04138682981,-2461.72351597,-1661.93843067
2.075,805.107514048,1.04831707558,-2467.06791057,-1661.96039653
2.08,812.1250333,1.05745447044,-2474.16462866,-1662.03959536
2.085,819.601305696,1.06718920013,-2481.73882748,-1662.13752179
2.09,826.003591701,1.07552551003,-2488.21162815,-1662.20803645
2.095,830.1762006,1.08095859453,-2492.4017335,-1662.2255329
2.1,831.729765667,1.08298146571,-2493.91919499,-1662.18942932
2.105,831.06344852,1.08211386526,-2493.18150639,-1662.11805787
2.11,829.15122233,1.07962398741,-2491.1881133,-1662.03689097
2.115,827.170246396,1.07704459166,-2489.14253435,-1661.97228795
2.12,826.044953376,1.07557936637,-2487.99525287,-1661.95029949
2.125,826.097470923,1.0756477486,-2488.07215511,-1661.97468418
2.13,827.030460154,1.07686257833,-2489.04772709,-1662.01726693
2.135,828.254665652,1.0784565959,-2490.30578903,-1662.05112338
2.14,829.24074865,1.07974055814,-2491.30885154,-1662.06810289
2.145,829.686257514,1.08032064781,-2491.75582126,-1662.06956374
2.15,829.531140976,1.08011867315,-2491.58962879,-1662.05848782
2.155,828.895274269,1.07929072171,-2490.93733469,-1662.04206042
2.16,827.995853293,1.07811960064,-2490.02082318,-1662.02496989
2.165,827.077655896,1.07692403111,-2489.0886073,-1662.01095141
2.17,826.351415781,1.07597840596,-2488.35355069,-1662.00213491
2.175,825.934053591,1.07543496561,-2487.93903344,-1662.00497985
2.18,825.779991197,1.07523436354,-2487.80207863,-1662.02208743
2.185,825.638818512,1.07505054494,-2487.69186482,-1662.0530463
2.19,825.121224499,1.0743765944,-2487.20609662,-1662.08487212
2.195,823.857313389,1.07273087681,-2485.95635744,-1662.09904405
2.2,821.761823564,1.07000237443,-2483.83698475,-1662.07516118
2.205,819.306649194,1.0668055328,-2481.31681108,-1662.01016188
2.21,817.523930692,1.06448428475,-2479.45450198,-1661.93057128
2.215,817.63155618,1.06462442211,-2479.50592545,-1661.87436927
2.22,820.468280806,1.06831807397,-2482.33804924,-1661.86976844
2.225,826.088237163,1.07563572547,-2488.00746282,-1661.91922566
2.23,833.708875487,1.08555843162,-2495.7121403,-1662.00326481
2.235,841.975725151,1.09632255879,-2504.07320836,-1662.09748321
2.24,849.380918079,1.10596473708,-2511.55575809,-1662.17484002
2.245,854.661576146,1.11284059394,-2516.88184546,-1662.22026931
2.25,857.061717859,1.11596577846,-2519.28859624,-1662.22687838
2.255,856.451294667,1.1151709566,-2518.64514223,-1662.19384756
2.26,853.339881198,1.11111963698,-2515.46543914,-1662.12555794
2.265,848.801101499,1.10520976758,-2510.83130865,-1662.03020715
2.27,844.245453822,1.09927793466,-2506.19063459,-1661.94518077
2.275,840.972460291,1.09501622434,-2502.87012727,-1661.89766698
2.28,839.668518311,1.09331838322,-2501.57433177,-1661.90581346
2.285,840.227548706,1.09404628738,-2502.17900784,-1661.95145913
2.29,842.008668248,1.09636545345,-2504.00727441,-1661.99860616
2.295,844.273609768,1.09931459605,-2506.30471378,-1662.03110401
2.3,846.492854589,1.10220423775,-2508.53750638,-1662.04465179
2.305,848.404407252,1.10469323861,-2510.44874661,-1662.04433936
2.31,849.935633863,1.10668702326,-2511.9782942,-1662.04266034
2.315,851.10167131,1.10820530119,-2513.14255754,-1662.04088623
2.32,851.928949836,1.10928248677,-2513.97282996,-1662.04388012
2.325,852.398203183,1.10989349373,-2514.45135625,-1662.05315306
2.33,852.396607747,1.10989141634,-2514.47068607,-1662.07407832
2.335,851.66182212,1.10893466422,-2513.76961625,-1662.10779413
2.34,849.774724289,1.10647750559,-2511.92421528,-1662.14949099
2.345,846.270107099,1.10191420195,-2508.45187694,-1662.18176984
2.35,840.835343171,1.09483768642,-2503.02679302,-1662.19144985
2.355,833.483899417,1.08526549403,-2495.65953003,-1662.17563061
2.36,824.629729702,1.07373662722,-2486.7650079,-1662.13527819
2.365,815.064192804,1.06128150105,-2477.14039221,-1662.0761994
2.37,805.839777293,1.04927054335,-2467.85156727,-1662.01178997
2.375,798.050292926,1.03912798558,-2460.01229161,-1661.96199868
2.38,792.586059759,1.03201309864,-2454.51087734,-1661.92481758
2.385,790.051303904,1.02871263529,-2451.94960105,-1661.89829715
2.39,790.790576022,1.0296752292,-2452.67856884,-1661.88799282
2.395,794.853730749,1.03496579525,-2456.75059185,-1661.8968611
2.4,801.91003357,1.04415368954,-2463.84642601,-1661.93639244
2.405,811.175704655,1.05621836544,-2473.1774258,-1662.00172115
2.41,821.469907421,1.06962227529,-2483.54915531,-1662.07924789
2.415,831.441867646,1.0826065985,-2493.59454431,-1662.15267666
2.42,839.827653696,1.09352559075,-2502.03753639,-1662.20988269
2.425,845.649031991,1.1011055104,-2507.89133069,-1662.2422987
2.43,848.333936619,1.10460147997,-2510.58344717,-1662.24951055
2.435,847.796749788,1.10390201795,-2510.01780215,-1662.22105236
2.44,844.524228248,1.0996409222,-2506.67940583,-1662.15517759
2.445,839.574643699,1.09319615065,-2501.63706149,-1662.06241779
2.45,834.426678765,1.08649307131,-2496.38915971,-1661.96248094
2.455,830.636583365,1.08155805126,-2492.52754013,-1661.89095677
2.46,829.325946039,1.07985149224,-2491.20229961,-1661.87635357
2.465,830.755576043,1.08171298964,-2492.68216792,-1661.92659188
2.47,834.262983873,1.08627992692,-2496.27223504,-1662.00925117
2.475,838.634917672,1.09197254905,-2500.72462534,-1662.08970767
2.48,842.662209321,1.09721641839,-2504.80251082,-1662.1403015
2.485,845.532836638,1.10095421437,-2507.68576415,-1662.15292751
2.49,846.942104317,1.10278919833,-2509.08054273,-1662.13843841
2.495,846.993740456,1.10285643289,-2509.10695755,-1662.11321709
2.5,846.012035727,1.10157817152,-2508.10037182,-1662.08833609
2.505,844.351599164,1.09941614474,-2506.42182147,-1662.0702223
2.51,842.304758672,1.09675098785,-2504.36242361,-1662.05766494
2.515,840.110819874,1.09389429671,-2502.15664804,-1662.04582816
2.52,837.991150345,1.09113431035,-2500.02795652,-1662.03680617
2.525,836.0974015,1.08866849154,-2498.14207392,-1662.04467242
2.53,834.353197772,1.08639739293,-2496.42617358,-1662.07297581
2.535,832.409488881,1.08386652198,-2494.51684995,-1662.10736107
2.54,829.881874302,1.08057535716,-2491.99495079,-1662.11307649
2.545,826.734358287,1.07647702902,-2488.81367046,-1662.07931217
2.55,823.474610673,1.07223256598,-2485.49544843,-1662.02083776
2.555,820.957126185,1.06895459139,-2482.92777964,-1661.97065345
2.56,819.963408086,1.06766068761,-2481.90902423,-1661.94561615
2.565,820.895513168,1.0688743661,-2482.84912083,-1661.95360766
2.57,823.670955158,1.07248822286,-2485.66266546,-1661.9917103
2.575,827.69564143,1.07772869978,-2489.76098196,-1662.06534053
2.58,831.906760876,1.08321192822,-2494.05655196,-1662.14979108
2.585,835.077659472,1.08734070244,-2497.29054047,-1662.212881
2.59,836.299801333,1.08893203299,-2498.53398619,-1662.23418486
2.595,835.25210169,1.08756784074,-2497.47628835,-1662.22418666
2.6,832.123424943,1.08349404289,-2494.32330882,-1662.19988387
2.605,827.398603343,1.07734193144,-2489.56717497,-1662.16857162
2.61,821.755044848,1.06999354798,-2483.87906965,-1662.1240248
2.615,816.064914912,1.06258452462,-2478.12984979,-1662.06493488
2.62,811.338543658,1.05643039539,-2473.35019013,-1662.01164647
2.625,808.438616488,1.05265444855,-2470.43114857,-1661.99253208
2.63,807.68073743,1.05166762686,-2469.70289531,-1662.02215788
2.635,808.670575886,1.05295647902,-2470.74821522,-1662.07763934
2.64,810.615665451,1.05548914772,-2472.73239055,-1662.1167251
2.645,812.86079141,1.05841248882,-2474.98557931,-1662.1247879
2.65,815.124568374,1.06136011507,-2477.24394594,-1662.11937757
2.655,817.329346779,1.06423092028,-2479.44992404,-1662.12057726
2.66,819.308652019,1.06680814065,-2481.4454064,-1662.13675438
2.665,820.723554075,1.06865046103,-2482.88028981,-1662.15673573
2.67,821.185082806,1.0692514099,-2483.35885234,-1662.17376954
2.675,820.384764664,1.06820932899,-2482.56884576,-1662.18408109
2.68,818.201785061,1.06536690763,-2480.37675481,-1662.17496975
2.685,814.834715267,1.06098270217,-2476.97279461,-1662.13807934
2.69,810.957544097,1.05593430221,-2473.02298339,-1662.06543929
2.695,807.764206386,1.0517763104,-2469.73667455,-1661.97246817
2.7,806.645943415,1.05032023882,-2468.55755319,-1661.91160978
2.705,808.40618584,1.05261222115,-2470.35128995,-1661.94510411
2.71,812.573895145,1.05803892597,-2474.62099325,-1662.0470981
2.715,817.664609182,1.06466745987,-2479.81124596,-1662.14663677
2.72,822.094049985,1.07043496092,-2484.30028723,-1662.20623724
2.725,824.725931963,1.07386189058,-2486.97174504,-1662.24581308
2.73,824.83589104,1.07400506646,-2487.1023359,-1662.26644487
2.735,822.01447156,1.07033134318,-2484.28105134,-1662.26657978
2.74,816.28846883,1.06287561046,-2478.51715844,-1662.22868961
2.745,808.255959944,1.05241661451,-2470.41516371,-1662.15920377
2.75,799.037855461,1.0404138743,-2461.11213744,-1662.07428198
2.755,790.026752998,1.02868066797,-2452.02206949,-1661.99531649
2.76,782.536685642,1.0189279761,-2444.47476537,-1661.93807973
2.765,777.517497486,1.01239257485,-2439.42980478,-1661.9123073
2.77,775.42494682,1.0096678995,-2437.3414417,-1661.91649488
2.775,776.208495718,1.01068814547,-2438.15358456,-1661.94508884
2.78,779.442428808,1.01489899584,-2441.41951156,-1661.97708276
2.785,784.564557793,1.02156843463,-2446.56887595,-1662.00431815
2.79,791.0465425,1.03000851888,-2453.07419379,-1662.02765129
2.795,798.391706305,1.03957253425,-2460.44666065,-1662.05495435
2.8,806.045876333,1.04953890148,-2468.13395418,-1662.08807785
2.805,813.373430578,1.05907998773,-2475.49942439,-1662.12599381
2.81,819.736182412,1.06736482085,-2481.89531679,-1662.15913438
2.815,824.597027827,1.07369404665,-2486.77758685,-1662.18055902
2.82,827.621410796,1.07763204531,-2489.80749209,-1662.18608129
2.825,828.76997707,1.07912757431,-2490.93798824,-1662.16801117
2.83,828.361043196,1.07859510833,-2490.48451468,-1662.12347148
2.835,827.062601865,1.07690442951,-2489.13013585,-1662.06753399
2.84,825.705854059,1.07513783081,-2487.7294519,-1662.02359785
2.845,824.91916154,1.07411349159,-2486.939959,-1662.02079746
2.85,824.807386542,1.07396795123,-2486.86172852,-1662.05434198
2.855,824.977905274,1.07418998082,-2487.07505159,-1662.09714632
2.86,824.919409608,1.07411381459,-2487.03624765,-1662.11683804
2.865,824.405362915,1.07344448296,-2486.50976955,-1662.10440664
2.87,823.639435061,1.07244718107,-2485.7132163,-1662.07378124
2.875,823.068408822,1.07170365732,-2485.11540818,-1662.04699936
2.88,823.087211961,1.07172814057,-2485.12304378,-1662.03583182
2.885,823.868506664,1.07274545139,-2485.91158984,-1662.04308318
2.89,825.294685341,1.07460245487,-2487.36561192,-1662.07092658
2.895,826.954879103,1.0767641655,-2489.06493324,-1662.11005414
2.9,828.258916995,1.0784621315,-2490.40487152,-1662.14595452
2.905,828.695287519,1.07903032229,-2490.85493324,-1662.15964572
2.91,828.06985187,1.07821595296,-2490.21749716,-1662.14764529
2.915,826.570352199,1.07626347943,-2488.69125692,-1662.12090472
2.92,824.649446956,1.07376230072,-2486.74261141,-1662.09316445
2.925,822.800501372,1.07135481949,-2484.88013025,-1662.07962888
2.93,821.341525376,1.06945511117,-2483.42667796,-1662.08515259
2.935,820.289481759,1.06808526271,-2482.40024251,-1662.11076075
2.94,819.382857952,1.06690476296,-2481.5218604,-1662.13900245
2.945,818.311637494,1.06550994465,-2480.45957269,-1662.1479352
2.95,817.000277912,1.0638024452,-2479.13601099,-1662.13573307
2.955,815.649864134,1.06204409392,-2477.76959093,-1662.1197268
2.96,814.476277291,1.06051598606,-2476.59795291,-1662.12167562
2.965,813.442326764,1.05916969631,-2475.5878395,-1662.14551274
2.97,812.246093446,1.05761210084,-2474.41356469,-1662.16747124
2.975,810.627769782,1.05550490857,-2472.78599457,-1662.15822478
2.98,808.780006834,1.05309896723,-2470.88939337,-1662.10938653
2.985,807.334822276,1.0512172165,-2469.40464486,-1662.06982258
2.99,806.814294373,1.0505394458,-2468.88431406,-1662.07001969
2.995,807.228487913,1.0510787603,-2469.31637457,-1662.08788666
3.0,808.335837063,1.05252062118,-2470.42467435,-1662.08883729
3.005,810.084831905,1.05479795821,-2472.15220098,-1662.06736908
3.01,812.678495062,1.05817512378,-2474.7215827,-1662.04308764
3.015,816.379228081,1.06299378656,-2478.40756292,-1662.02833483
3.02,821.246419722,1.06933127568,-2483.29261323,-1662.04619351
3.025,826.868426405,1.07665159688,-2488.96639236,-1662.09796595
3.03,832.365384348,1.0838090942,-2494.52523321,-1662.15984886
3.035,836.730899592,1.08949335884,-2498.93309837,-1662.20219877
3.04,839.212857325,1.09272507464,-2501.42659726,-1662.21373994
3.045,839.500224645,1.09309925084,-2501.70245833,-1662.20223369
3.05,837.713311688,1.09077254126,-2499.88413715,-1662.17082546
3.055,834.321847319,1.08635657203,-2496.44923122,-1662.1273839
3.06,829.983676483,1.08070791209,-2492.07150463,-1662.08782814
3.065,825.354862676,1.07468081078,-2487.41488531,-1662.06002263
3.07,820.972314202,1.06897436745,-2483.01212678,-1662.03981258
3.075,817.240015429,1.06411460342,-2479.26533552,-1662.0253201
3.08,814.50610426,1.06055482325,-2476.51613598,-1662.01003172
3.085,813.097360874,1.05872052197,-2475.09559996,-1661.99823908
3.09,813.221101129,1.0588816421,-2475.22746911,-1662.00636798
3.095,814.78824531,1.06092219441,-2476.82498797,-1662.03674266
3.1,817.347355041,1.06425436854,-2479.42824361,-1662.08088857
3.105,820.233240146,1.06801203144,-2482.35560581,-1662.12236567
3.11,822.836566474,1.07140177926,-2484.9742361,-1662.13766963
3.115,824.859034786,1.07403520154,-2486.98242063,-1662.12338585
3.12,826.403767168,1.07604657183,-2488.49585668,-1662.09208951
3.125,827.840724581,1.07791761013,-2489.90065964,-1662.05993506
3.13,829.554621176,1.08014924632,-2491.59673432,-1662.04211314
3.135,831.765281223,1.08302770993,-2493.80375053,-1662.03846931
3.14,834.510595064,1.08660233732,-2496.54727749,-1662.03668243
3.145,837.747011728,1.09081642152,-2499.78146745,-1662.03445572
3.15,841.45395408,1.09564316937,-2503.48410541,-1662.03015133
3.155,845.574537853,1.10100851283,-2507.6181948,-1662.04365694
3.16,849.817348353,1.10653300567,-2511.90187163,-1662.08452328
3.165,853.521282813,1.111355837,-2515.67118527,-1662.14990245
3.17,855.741316029,1.11424650525,-2517.96019843,-1662.2188824
3.175,855.555228134,1.1140042033,-2517.81916378,-1662.26393565
3.18,852.46650239,1.10998242499,-2514.72529329,-1662.2587909
3.185,846.749642501,1.10253859701,-2508.94361708,-1662.19397458
3.19,839.568093735,1.09318762205,-2501.65158358,-1662.08348984
3.195,832.719883412,1.08427068153,-2494.68878386,-1661.96890045
3.2,828.005048581,1.07813157367,-2489.90780137,-1661.90275279
3.205,826.538436651,1.07622192272,-2488.43728575,-1661.89884909
3.21,828.508800576,1.07878750075,-2490.44071119,-1661.93191061
3.215,833.454660258,1.08522742221,-2495.43350577,-1661.97884551
3.22,840.55952939,1.09447855389,-2502.5998476,-1662.04031821
3.225,848.701666899,1.10508029544,-2510.82120413,-1662.11953723
3.23,856.525760399,1.11526791719,-2518.72453682,-1662.19877642
3.235,862.701495429,1.12330923884,-2524.95836273,-1662.2568673
3.24,866.214258936,1.12788314966,-2528.50133596,-1662.28707702
3.245,866.558367114,1.12833120718,-2528.83747983,-1662.27911272
3.25,863.833492721,1.12478319365,-2526.06840153,-1662.23490881
3.255,858.756948139,1.11817310956,-2520.91726513,-1662.16031699
3.26,852.511389916,1.11004087229,-2514.58537964,-1662.07398973
3.265,846.427695561,1.10211939526,-2508.42989873,-1662.00220317
3.27,841.628731886,1.09587074464,-2503.58872423,-1661.95999234
3.275,838.774027695,1.09215368189,-2500.72554915,-1661.95152146
3.28,837.984689041,1.09112589719,-2499.96344854,-1661.9787595
3.285,838.861323721,1.0922673486,-2500.89324029,-1662.03191657
3.29,840.618309635,1.09455509067,-2502.70589991,-1662.08759028
3.295,842.431021182,1.09691539216,-2504.54750298,-1662.1164818
3.3,843.877235727,1.09879848402,-2505.97894117,-1662.10170544
3.305,845.055268301,1.1003323806,-2507.13679032,-1662.08152202
3.31,846.138899676,1.10174335895,-2508.23390029,-1662.09500061
3.315,846.886011877,1.1027161613,-2509.01980608,-1662.13379421
3.32,846.704708291,1.10248008892,-2508.87415859,-1662.1694503
3.325,845.043668555,1.10031727676,-2507.23707195,-1662.19340339
3.33,841.592474631,1.09582353468,-2503.79858701,-1662.20611238
3.335,836.32464971,1.08896438764,-2498.52521448,-1662.20056477
3.34,829.618390164,1.08023227886,-2491.77419153,-1662.15580136
3.345,822.459861277,1.0709112777,-2484.52430862,-1662.06444735
3.35,816.479158902,1.06312390482,-2478.42921387,-1661.95005497
3.355,813.515864226,1.05926544821,-2475.39377295,-1661.87790872
3.36,814.667431694,1.06076488502,-2476.57940271,-1661.91197102
3.365,819.471694142,1.06702043508,-2481.51165871,-1662.03996457
3.37,826.120138289,1.0756772634,-2488.29898302,-1662.17884473
3.375,832.514773431,1.08400361124,-2494.78089876,-1662.26612533
3.38,837.212662868,1.09012065478,-2499.49845349,-1662.28579062
3.385,839.722571619,1.09338876513,-2501.98052287,-1662.25795125
3.39,840.320560738,1.09416739679,-2502.52291493,-1662.20235419
3.395,839.682019611,1.09333596303,-2501.83091137,-1662.14889176
3.4,838.519895606,1.09182278074,-2500.63169531,-1662.1117997
3.405,837.364204432,1.09031797452,-2499.45222746,-1662.08802302
3.41,836.548367397,1.08925568671,-2498.61584057,-1662.06747317
3.415,836.344701238,1.0889904964,-2498.38932975,-1662.04462852
3.42,837.034874666,1.08988915972,-2499.05967539,-1662.02480072
3.425,838.814564334,1.09220646398,-2500.84000794,-1662.0254436
3.43,841.5832345,1.09581150326,-2503.63663359,-1662.05339909
3.435,844.830595131,1.10003983741,-2506.93158781,-1662.10099268
3.44,847.788405944,1.10389115357,-2509.93346529,-1662.14505934
3.445,849.731054562,1.10642064396,-2511.89923756,-1662.168183
3.45,850.248839609,1.10709484324,-2512.41013862,-1662.16129901
3.455,849.38678164,1.10597237193,-2511.51862816,-1662.13184652
3.46,847.577072435,1.10361597973,-2509.67046289,-1662.09339045
3.465,845.403903397,1.10078633255,-2507.47163058,-1662.06772718
3.47,843.327928404,1.09808324011,-2505.39069471,-1662.0627663
3.475,841.530664339,1.09574305252,-2503.60441222,-1662.07374788
3.48,839.981800933,1.0937263033,-2502.06874501,-1662.08694408
3.485,838.610911439,1.09194129094,-2500.70361824,-1662.0927068
3.49,837.428215487,1.09040132225,-2499.51882867,-1662.09061318
3.495,836.527419659,1.08922841101,-2498.61268095,-1662.08526129
3.5,836.029646373,1.08858026871,-2498.10953901,-1662.07989264
3.505,836.023312523,1.08857202151,-2498.1000934,-1662.07678088
3.51,836.515000718,1.08921224052,-2498.59366194,-1662.07866122
3.515,837.403214691,1.09036876913,-2499.49108569,-1662.087871
3.52,838.444710446,1.09172488339,-2500.55196393,-1662.10725348
3.525,839.235612727,1.09275470407,-2501.36878772,-1662.133175
3.53,839.27994891,1.09281243348,-2501.43632096,-1662.15637205
3.535,838.189898048,1.09139309642,-2500.34841952,-1662.15852147
3.54,835.926349093,1.08844576705,-2498.05632444,-1662.12997535
3.545,832.89947678,1.08450452706,-2494.9803147,-1662.08083792
3.55,829.794124285,1.08046109933,-2491.83483001,-1662.04070572
3.555,827.205648054,1.07709068757,-2489.23413588,-1662.02848783
3.56,825.392909576,1.07473035101,-2487.42795321,-1662.03504363
3.565,824.383846228,1.07341646644,-2486.41355809,-1662.02971187
3.57,824.298719196,1.07330562395,-2486.30355886,-1662.00483966
3.575,825.493397956,1.07486119526,-2487.47051955,-1661.9771216
3.58,828.329320432,1.07855380265,-2490.302733,-1661.97341257
3.585,832.814523753,1.08439391114,-2494.81451982,-1661.99999607
3.59,838.524332184,1.09182855753,-2500.55811818,-1662.033786
3.595,844.884052531,1.1001094434,-2506.94072683,-1662.0566743
3.6,851.413182804,1.10861091511,-2513.4866192,-1662.07343639
3.605,857.677298297,1.11676731549,-2519.77949589,-1662.10219759
3.61,863.111977587,1.12384372082,-2525.25905586,-1662.14707827
3.615,866.974172073,1.12887261989,-2529.17151753,-1662.19734545
3.62,868.479918234,1.13083322687,-2530.71864523,-1662.238727
3.625,867.021482074,1.12893422145,-2529.27946804,-1662.25798597
3.63,862.357581609,1.12286143439,-2524.60847225,-1662.25089064
3.635,854.688707254,1.1128759209,-2516.90872035,-1662.2200131
3.64,844.616730885,1.09976136834,-2506.79291878,-1662.1761879
3.645,833.000256443,1.08463575058,-2495.12892359,-1662.12866715
3.65,820.800716285,1.06875093266,-2482.88183145,-1662.08111516
3.655,809.029184612,1.05342341746,-2471.05789489,-1662.02871028
3.66,798.74686696,1.04003498302,-2460.71815934,-1661.97129238
3.665,790.988127176,1.02993245726,-2452.91378955,-1661.92566237
3.67,786.549030171,1.02415238304,-2448.45652542,-1661.90749525
3.675,785.760434507,1.02312556576,-2447.6830487,-1661.92261419
3.68,788.405993843,1.02657030448,-2450.36899253,-1661.96299869
3.685,793.840008482,1.03364584438,-2455.85681104,-1662.01680256
3.69,801.162622536,1.04318049809,-2463.24173719,-1662.07911466
3.695,809.295494883,1.05377017563,-2471.44610919,-1662.15061431
3.7,817.040860481,1.06385528708,-2479.26088837,-1662.22002789
3.705,823.273878319,1.07197119573,-2485.53448862,-1662.2606103
3.71,827.294488281,1.07720636495,-2489.54397395,-1662.24948567
3.715,829.13571245,1.07960379225,-2491.3271575,-1662.19144505
3.72,829.516235908,1.0800992655,-2491.63500935,-1662.11877345
3.725,829.412933465,1.07996475712,-2491.47799694,-1662.06506347
3.73,829.558698357,1.08015455515,-2491.60872672,-1662.05002837
3.735,830.152141268,1.08092726728,-2492.22314882,-1662.07100756
3.74,830.902668931,1.08190451684,-2493.00375152,-1662.10108259
3.745,831.352076159,1.0824896825,-2493.46617915,-1662.11410299
3.75,831.211071561,1.08230608276,-2493.32250287,-1662.11143131
3.755,830.429386854,1.08128826413,-2492.53381932,-1662.10443246
3.76,829.061841029,1.07950760551,-2491.16325221,-1662.10141119
3.765,827.166905325,1.07704024131,-2489.26477233,-1662.097867
3.77,824.814197697,1.07397681992,-2486.90694516,-1662.09274746
3.775,822.120424752,1.07046930306,-2484.2077243,-1662.08729955
3.78,819.225521622,1.06669989795,-2481.31036085,-1662.08483923
3.785,816.260649113,1.06283938687,-2478.34009357,-1662.07944445
3.79,813.414477193,1.05913343384,-2475.47986356,-1662.06538637
3.795,810.999022004,1.0559883099,-2473.04503349,-1662.04601148
3.8,809.388221176,1.05389091299,-2471.41905677,-1662.03083559
3.805,808.839950317,1.05317701864,-2470.87593846,-1662.03598815
3.81,809.351494856,1.05384309226,-2471.40673021,-1662.05523535
3.815,810.697710625,1.05559597738,-2472.77689254,-1662.07918191
3.82,812.571978186,1.05803642993,-2474.67197521,-1662.09999703
3.825,814.693154718,1.06079837854,-2476.80562728,-1662.11247257
3.83,816.865977773,1.06362757523,-2478.9824221,-1662.11644432
3.835,819.020606452,1.06643308132,-2481.13573014,-1662.11512368
3.84,821.131708439,1.06918191203,-2483.25226175,-1662.12055332
3.845,823.06529402,1.07169960159,-2485.20679477,-1662.14150075
3.85,824.512020051,1.07358335944,-2486.67912644,-1662.16710639
3.855,825.143820634,1.07440601645,-2487.31612786,-1662.17230723
3.86,824.927029257,1.07412373601,-2487.07102087,-1662.14399161
3.865,824.301395366,1.07330910855,-2486.39162971,-1662.09023434
3.87,824.043632693,1.07297348007,-2486.08270447,-1662.03907178
3.875,824.88982247,1.07407528967,-2486.90460772,-1662.01478525
3.88,827.229546491,1.07712180533,-2489.2438395,-1662.01429301
3.885,831.096408249,1.08215678157,-2493.11808395,-1662.0216757
3.89,836.4131931,1.08907967852,-2498.42252116,-1662.00932806
3.895,843.314984698,1.09806638633,-2505.29150306,-1661.97651836
3.9,852.095475345,1.10949931685,-2514.06931357,-1661.97383822
3.905,862.537378207,1.12309554454,-2524.58611094,-1662.04873273
3.91,873.38880424,1.13722500552,-2535.5564075,-1662.16760326
3.915,882.769992878,1.14944009489,-2545.03867491,-1662.26868204
3.92,889.036993983,1.15760025258,-2551.35562622,-1662.31863224
3.925,891.308964625,1.16055854769,-2553.62339753,-1662.31443291
3.93,889.582939357,1.15831111895,-2551.84649418,-1662.26355482
3.935,884.615757062,1.15184343367,-2546.7996746,-1662.18391754
3.94,877.661109779,1.14278790336,-2539.75490168,-1662.0937919
3.945,870.142028532,1.13299743298,-2532.15574467,-1662.01371614
3.95,863.327254481,1.12412402927,-2525.28796945,-1661.96071497
3.955,858.069393854,1.11727785658,-2520.01190214,-1661.94250829
3.96,854.67679954,1.11286041607,-2516.63261522,-1661.95581568
3.965,852.96364751,1.11062974936,-2514.94992107,-1661.98627356
3.97,852.426172147,1.10992991165,-2514.44949772,-1662.02332558
3.975,852.467756363,1.10998405776,-2514.52052307,-1662.05276671
3.98,852.570449853,1.11011777325,-2514.64337062,-1662.07292077
3.985,852.337538017,1.10981450263,-2514.42877628,-1662.09123826
3.99,851.439330264,1.10864496128,-2513.54936806,-1662.1100378
3.995,849.615599005,1.1062703112,-2511.73548837,-1662.11988936
4.0,846.814354839,1.10262285786,-2508.91701864,-1662.1026638
4.005,843.417193471,1.09819947066,-2505.46643364,-1662.04924017
4.01,840.323685885,1.094171466,-2502.29844667,-1661.97476079
4.015,838.640587395,1.0919799315,-2500.57121339,-1661.93062599
4.02,839.036408776,1.09249532393,-2500.98258744,-1661.94617867
4.025,841.327227951,1.09547816139,-2503.33144873,-1662.00422078
4.03,844.676977349,1.09983981426,-2506.74701608,-1662.07003873
4.035,848.056056043,1.10423965631,-2510.18150865,-1662.1254526
4.04,850.558994819,1.10749869117,-2512.72462504,-1662.16563022
4.045,851.534162129,1.10876844027,-2513.71916766,-1662.18500553
4.05,850.640881396,1.10760531432,-2512.82338287,-1662.18250148
4.055,847.894344785,1.10402909477,-2510.05409986,-1662.15975508
4.06,843.651805006,1.09850495443,-2505.77372157,-1662.12191656
4.065,838.491823624,1.09178622868,-2500.57567222,-1662.0838486
4.07,833.035668631,1.0846818602,-2495.08669806,-1662.05102943
4.075,827.816706112,1.07788633608,-2489.84509033,-1662.02838422
4.08,823.232935155,1.07191788432,-2485.25010428,-1662.01716912
4.085,819.503835849,1.06706228626,-2481.52181619,-1662.01798034
4.09,816.670672121,1.06337327099,-2478.69781272,-1662.0271406
4.095,814.671785585,1.06077055415,-2476.7088282,-1662.03704262
4.1,813.417706961,1.05913763927,-2475.46313771,-1662.04543075
4.105,812.803344166,1.05833768772,-2474.8591151,-1662.05577093
4.11,812.695614445,1.05819741464,-2474.76302101,-1662.06740657
4.115,812.960825023,1.05854274092,-2475.0343691,-1662.07354408
4.12,813.50946912,1.05925712125,-2475.58397058,-1662.07450146
4.125,814.329551059,1.06032493627,-2476.40205046,-1662.0724994
4.13,815.471867273,1.06181232718,-2477.53973464,-1662.06786736
4.135,817.023710949,1.06383295696,-2479.08564624,-1662.06193529
4.14,819.071927025,1.06649990498,-2481.13765753,-1662.06573051
4.145,821.570680903,1.06975349076,-2483.6591241,-1662.08844319
4.15,824.27479994,1.07327447909,-2486.38464223,-1662.10984229
4.155,826.966342154,1.07677909135,-2489.07215688,-1662.10581473
4.16,829.642978857,1.08026429539,-2491.74493081,-1662.10195195
4.165,832.254145809,1.08366425236,-2494.38068398,-1662.12653817
4.17,834.375931938,1.08642699471,-2496.53864232,-1662.16271038
4.175,835.435296994,1.08780637629,-2497.60736743,-1662.17207043
4.18,835.190957618,1.08748822606,-2497.34210879,-1662.15115117
4.185,833.872947886,1.08577206756,-2495.9883426,-1662.11539471
4.19,831.966476805,1.08328968334,-2494.04975939,-1662.08328259
4.195,829.929135577,1.08063689528,-2491.99496379,-1662.06582822
4.2,828.060707855,1.07820404669,-2490.11890612,-1662.05819826
4.205,826.507003003,1.07618099349,-2488.5642559,-1662.0572529
4.21,825.291022484,1.07459768553,-2487.35167425,-1662.06065177
4.215,824.336346811,1.07335461824,-2486.40687398,-1662.07052717
4.22,823.463007676,1.07221745791,-2485.55281991,-1662.08981223
4.225,822.395000373,1.0708268234,-2484.50440864,-1662.10940826
4.23,820.855206759,1.0688218838,-2482.97268562,-1662.11747887
4.235,818.742263996,1.06607065625,-2480.84656168,-1662.10429768
4.24,816.253127152,1.06282959265,-2478.32660578,-1662.07347862
4.245,813.817922718,1.05965875354,-2475.86269715,-1662.04477443
4.25,811.788588038,1.05701639067,-2473.83310303,-1662.04451499
4.255,810.154388621,1.05488852685,-2472.21967567,-1662.06528705
4.26,808.620524666,1.05289130816,-2470.69923319,-1662.07870852
4.265,806.960505858,1.05072982534,-2469.0291571,-1662.06865124
4.27,805.238551137,1.04848769679,-2467.28652954,-1662.0479784
4.275,803.720281806,1.0465107836,-2465.75100587,-1662.03072406
4.28,802.67548026,1.04515036492,-2464.69725408,-1662.02177382
4.285,802.300131244,1.04466162922,-2464.31692644,-1662.0167952
4.29,802.758403965,1.0452583385,-2464.76771469,-1662.00931072
4.295,804.208759115,1.04714682176,-2466.21546439,-1662.00670527
4.3,806.741881996,1.05044515885,-2468.76056769,-1662.0186857
4.305,810.25979228,1.0550257712,-2472.30484206,-1662.04504978
4.31,814.432930334,1.06045954471,-2476.50911969,-1662.07618936
4.315,818.844718762,1.06620406089,-2480.93973255,-1662.09501379
4.32,823.190746907,1.0718629517,-2485.29010087,-1662.09935396
4.325,827.31367766,1.07723135112,-2489.418835,-1662.10515734
4.33,831.032842158,1.08207401323,-2493.16017164,-1662.12732948
4.335,833.91980386,1.08583307794,-2496.09012533,-1662.17032147
4.34,835.28354349,1.08760878059,-2497.4954314,-1662.21188791
4.345,834.50224632,1.08659146656,-2496.72441397,-1662.22216765
4.35,831.409674884,1.08256468084,-2493.60458133,-1662.19490645
4.355,826.415181042,1.07606143365,-2488.55705863,-1662.14187759
4.36,820.341717352,1.0681532778,-2482.42522138,-1662.08350403
4.365,814.144861996,1.06008445572,-2476.17864449,-1662.0337825
4.37,808.696514534,1.0529902533,-2470.69287797,-1661.99636343
4.375,804.616882779,1.04767823278,-2466.60156255,-1661.98467977
4.38,802.175910064,1.0444998829,-2464.16947987,-1661.9935698
4.385,801.340885211,1.04341261095,-2463.35240612,-1662.01152091
4.39,801.906116065,1.04414858863,-2463.93875013,-1662.03263407
4.395,803.586872023,1.04633707295,-2465.64508419,-1662.05821216
4.4,805.974045023,1.04944537112,-2468.07216124,-1662.09811621
4.405,808.465251686,1.0526891298,-2470.61195093,-1662.14669924
4.41,810.339973857,1.05513017429,-2472.52825264,-1662.18827878
4.415,810.976306645,1.05595873261,-2473.18636352,-1662.21005687
4.42,810.072528018,1.05478193752,-2472.27708335,-1662.20455533
4.425,807.736969504,1.05174084571,-2469.91252155,-1662.17555205
4.43,804.433373791,1.04743928879,-2466.56763178,-1662.13425799
4.435,800.830500622,1.04274804768,-2462.92231399,-1662.09181336
4.44,797.654354915,1.03861244129,-2459.70411883,-1662.04976391
4.445,795.577821841,1.03590862219,-2457.59704535,-1662.01922351
4.45,795.085698824,1.03526783701,-2457.09712337,-1662.01142454
4.455,796.283741511,1.03682778843,-2458.3238816,-1662.04014009
4.46,798.73923491,1.04002504546,-2460.8434049,-1662.10416999
4.465,801.56553435,1.04370512285,-2463.73437971,-1662.16884536
4.47,803.880543634,1.04671945786,-2466.07056999,-1662.19002635
4.475,805.361973862,1.04864840347,-2467.52140993,-1662.15943607
4.48,806.377449609,1.04997063751,-2468.47985268,-1662.10240307
4.485,807.658551268,1.05163873863,-2469.70982174,-1662.05127047
4.49,809.891220795,1.05454586041,-2471.90908825,-1662.01786745
4.495,813.439860023,1.0591664844,-2475.45634768,-1662.01648766
4.5,818.18755076,1.06534837339,-2480.23896891,-1662.05141815
4.505,823.530949101,1.07230592331,-2485.6364994,-1662.1055503
4.51,828.594989655,1.07889972611,-2490.74827091,-1662.15328125
4.515,832.604635178,1.08412061872,-2494.77619436,-1662.17155918
4.52,835.182003417,1.08747656695,-2497.34144368,-1662.15944026
4.525,836.410998908,1.08907682149,-2498.53756001,-1662.12656111
4.53,836.717004126,1.08947526579,-2498.8010632,-1662.08405908
4.535,836.664719278,1.08940718656,-2498.71099289,-1662.04627361
4.54,836.759371944,1.08953043222,-2498.78402964,-1662.02465769
4.545,837.295319307,1.09022828035,-2499.31537084,-1662.02005153
4.55,838.288965237,1.09152209015,-2500.32003106,-1662.03106583
4.555,839.497620081,1.09309585948,-2501.55425994,-1662.05663986
4.56,840.472720434,1.0943655214,-2502.56668815,-1662.09396771
4.565,840.61935148,1.09455644724,-2502.75598865,-1662.13663717
4.57,839.316108737,1.09285951658,-2501.48380234,-1662.1676936
4.575,836.151344512,1.08873872983,-2498.32182087,-1662.17047636
4.58,831.145226789,1.08222034738,-2493.28974556,-1662.14451878
4.585,824.797408674,1.07395495921,-2486.89969321,-1662.10228453
4.59,817.891664252,1.06496310449,-2479.95580501,-1662.06414076
4.595,811.194665083,1.05624305349,-2473.23052847,-1662.03586339
4.6,805.338927464,1.04861839514,-2467.34857909,-1662.00965162
4.605,800.904959599,1.04284499948,-2462.88418931,-1661.97922971
4.61,798.488207587,1.03969818696,-2460.44036771,-1661.95216012
4.615,798.553953266,1.03978379332,-2460.5016165,-1661.94766323
4.62,801.14480651,1.04315730014,-2463.12749342,-1661.98268691
4.625,805.713741062,1.04910643367,-2467.76240322,-1662.04866216
4.63,811.264845584,1.05633443435,-2473.38287632,-1662.11803073
4.635,816.70879599,1.06342291145,-2478.87989813,-1662.17110214
4.64,821.15491915,1.06921213431,-2483.35466871,-1662.19974956
4.645,824.078957667,1.07301947613,-2486.27634755,-1662.19738988
4.65,825.433636802,1.07478338125,-2487.59748575,-1662.16384895
4.655,825.635263862,1.07504591649,-2487.749492,-1662.11422814
4.66,825.372674068,1.07470400269,-2487.43848746,-1662.06581339
4.665,825.309216445,1.07462137558,-2487.34868939,-1662.03947294
4.67,825.853847157,1.07533053015,-2487.88962674,-1662.03577959
4.675,827.111983185,1.07696872811,-2489.1578101,-1662.04582691
4.68,828.946542394,1.07935747708,-2491.01371337,-1662.06717097
4.685,831.045299888,1.08209023423,-2493.14377711,-1662.09847723
4.69,832.94642883,1.08456566254,-2495.0836696,-1662.13724077
4.695,834.072783885,1.08603227068,-2496.24984365,-1662.17705976
4.7,833.867527461,1.08576500971,-2496.0674944,-1662.19996694
4.705,832.059972685,1.08341142277,-2494.24746109,-1662.1874884
4.71,828.889780133,1.07928356788,-2491.0299741,-1662.14019396
4.715,825.108597892,1.07436015351,-2487.18296709,-1662.07436919
4.72,821.731159511,1.06996244728,-2483.74607446,-1662.01491494
4.725,819.67879629,1.06729009934,-2481.65857252,-1661.97977623
4.73,819.481269979,1.06703290362,-2481.46268456,-1661.98141458
4.735,821.133856345,1.06918470878,-2483.14876654,-1662.0149102
4.74,824.133551268,1.07309056155,-2486.1993836,-1662.06583233
4.745,827.67636208,1.07770359646,-2489.79134096,-1662.11497888
4.75,830.967951574,1.08198952028,-2493.11325077,-1662.1452992
4.755,833.500188999,1.08528670443,-2495.64643409,-1662.14624509
4.76,835.163292158,1.08745220333,-2497.29252457,-1662.12923241
4.765,836.14173038,1.08872621143,-2498.24797911,-1662.10624873
4.77,836.739248674,1.08950423004,-2498.8215171,-1662.08226842
4.775,837.269261261,1.0901943506,-2499.33135161,-1662.06209034
4.78,837.975739111,1.09111424363,-2500.02685645,-1662.05111734
4.785,838.947256747,1.09237924056,-2501.00294984,-1662.0556931
4.79,840.062981013,1.09383200653,-2502.135531,-1662.07254999
4.795,840.991032969,1.09504040751,-2503.08892493,-1662.09789196
4.8,841.279101999,1.09541549739,-2503.4010807,-1662.12197871
4.805,840.512631244,1.0944174886,-2502.65006213,-1662.13743089
4.81,838.43572185,1.09171317949,-2500.57711861,-1662.14139676
4.815,835.018403938,1.08726354679,-2497.14639873,-1662.12799479
4.82,830.460795263,1.0813291605,-2492.56361581,-1662.10282055
4.825,825.189518999,1.07446551953,-2487.25443108,-1662.06491208
4.83,819.868052034,1.06753652609,-2481.87990048,-1662.01184844
4.835,815.341506668,1.06164258681,-2477.29955511,-1661.95804844
4.84,812.479167651,1.05791558288,-2474.39728583,-1661.91811818
4.845,811.923889368,1.05719256428,-2473.83074535,-1661.90685598
4.85,813.85368719,1.05970532186,-2475.78541573,-1661.93172854
4.855,817.909584051,1.06498643757,-2479.89283942,-1661.98325537
4.86,823.328734502,1.07204262305,-2485.37152777,-1662.04279327
4.865,829.240806259,1.07974063315,-2491.324365,-1662.08355875
4.87,834.967737009,1.08719757423,-2497.0725446,-1662.10480759
4.875,840.101210381,1.09388178435,-2502.22236371,-1662.12115332
4.88,844.308819514,1.09936044208,-2506.45763776,-1662.14881825
4.885,847.088627552,1.10297998379,-2509.28045074,-1662.19182319
4.89,847.791496171,1.10389517731,-2510.01874185,-1662.22724568
4.895,845.912828664,1.10144899566,-2508.1461869,-1662.23335824
4.9,841.384119896,1.09555223945,-2503.58780482,-1662.20368493
4.905,834.644931114,1.08677725405,-2496.79861331,-1662.1536822
4.91,826.538843399,1.07622245234,-2488.62430587,-1662.08546247
4.915,818.177444094,1.06533521366,-2480.18604835,-1662.00860426
4.92,810.804637099,1.05573520456,-2472.7371828,-1661.9325457
4.925,805.593171476,1.04894944203,-2467.47083862,-1661.87766715
4.93,803.370064564,1.04605477157,-2465.22821575,-1661.85815119
4.935,804.404807934,1.04740209366,-2466.28350239,-1661.87869446
4.94,808.360710063,1.05255300789,-2470.29345084,-1661.93274077
4.945,814.400092859,1.06041678758,-2476.4068514,-1662.00675854
4.95,821.361661006,1.06948132943,-2483.45094657,-1662.08928556
4.955,827.968971329,1.07808459808,-2490.13708229,-1662.16811096
4.96,833.047021571,1.08469664267,-2495.27062298,-1662.22360141
4.965,835.754426873,1.08822190999,-2497.99581675,-1662.24138988
4.97,835.792612681,1.08827163109,-2498.01428549,-1662.22167281
4.975,833.451280914,1.08522302202,-2495.62569886,-1662.17441795
4.98,829.406247582,1.07995605154,-2491.53370457,-1662.12745699
4.985,824.370857324,1.07339955381,-2486.47029817,-1662.09944085
4.99,818.813365821,1.06616323675,-2480.90751708,-1662.09415126
4.995,812.92641813,1.05849794027,-2475.02249474,-1662.09607661
5.0,806.817522907,1.05054364962,-2468.90273987,-1662.08521696
